﻿Designator,Footprint,Quantity,Value,LCSC Part #
 _2,QFN-32-1EP_5x5mm_P0.5mm_EP3.1x3.1mm,1,ATmega328P-A,
C1,0402,1,4.7 uF,
"C11, C7",0402,2,0.1uF,
"C2, C3",0402,2,1 uF,
"C4, C5",0402,2,22pF,
C6,0402,1,100 nF,
"D1, D2, D3",TVS_LESD5D5.0CT1G,3,LESD5D5.0CT1G,
J1,PinHeader_1x06_P2.54mm_Vertical,1,Screw_Terminal_01x06,
"J2, J3",PinHeader_1x15_P2.54mm_Vertical,2,Screw_Terminal_01x15,
"R1, R2",0402,2,1K,
R3,0402,1,10k,
SW2,SW_Push_1P1T_NO_6x6mm_H9.5mm,1,SW_Omron_B3FS,
Y1,OSC_X322516MLB4SI,1,X322516MLB4SI,
